train_loss_step,epoch,step,val_loss,val_acc
2.0016462802886963,0,49,,
1.9484515190124512,0,99,,
1.9200538396835327,0,149,,
,0,167,2.111445426940918,0.2742175757884979
