val_loss,epoch,step
2.3737504482269287,0,167
2.2732222080230713,1,335
2.208852767944336,2,503
2.1886608600616455,3,671
